"id","alpha2","alpha3","ar","cn","cs","de","el","en","es","fr","hu","it","jp","lt","nl","no","pl","pt","ro","ru","sk","th","uk"
"1","af","afg","أفغانستان","阿富汗","Afghánistán","Afghanistan","Αφγανιστάν","Afghanistan","Afganistán","Afghanistan","Afganisztán","Afghanistan","アフガニスタン","Afganistanas","Afganistanas","Afghanistan","Afganistan","Afeganistão","Afganistan","Афганистан","Afganistan","อัฟกานิสถาน","Афганістан"
"2","ax","ala","جزر أولاند","奥兰","Ålandy","Åland","Ώλαντ","Åland Islands","Åland","Îles Åland","Åland","Isole Åland","オーランド諸島","Alandų salos","Alandų salos","Åland","Wyspy Alandzkie","Ilhas Åland","Insulele Åland","Аландские острова","Alandy","หมู่เกาะโอลันด์","Аландські острови"
"3","al","alb","ألبانيا","阿尔巴尼亚","Albánie","Albanien","Αλβανία","Albania","Albania","Albanie","Albánia","Albania","アルバニア","Albanija","Albanija","Albania","Albania","Albânia","Albania","Албания","Albánsko","แอลเบเนีย","Албанія"
"4","dz","dza","الجزائر","阿尔及利亚","Alžírsko","Algerien","Αλγερία","Algeria","Argelia","Algérie","Algéria","Algeria","アルジェリア","Alžyras","Alžyras","Algerie","Algieria","Argélia","Algeria","Алжир","Alžírsko","แอลจีเรีย","Алжир"
"5","as","asm","ساموا الأمريكية","美属萨摩亚","Americká Samoa","Amerikanisch-Samoa","Αμερικανική Σαμόα","American Samoa","Samoa Americana","Samoa américaines","Amerikai Szamoa","Samoa Americane","アメリカ領サモア","Amerikos Samoa","Amerikos Samoa","Amerikansk Samoa","Samoa Amerykańskie","Samoa Americana","Samoa americană","Американское Самоа","Americká Samoa","อเมริกันซามัว","Американське Самоа"
"6","ad","and","أندورا","安道尔","Andorra","Andorra","Ανδόρρα","Andorra","Andorra","Andorre","Andorra","Andorra","アンドラ","Andora","Andora","Andorra","Andora","Andorra","Andorra","Андорра","Andorra","อันดอร์รา","Андорра"
"7","ao","ago","أنغولا","安哥拉","Angola","Angola","Ανγκόλα","Angola","Angola","Angola","Angola","Angola","アンゴラ","Angola","Angola","Angola","Angola","Angola","Angola","Ангола","Angola","แองโกลา","Ангола"
"8","ai","aia","أنغويلا","安圭拉","Anguilla","Anguilla","Ανγκουίλα","Anguilla","Anguila","Anguilla","Anguilla","Anguilla","アンギラ","Angilija","Angilija","Anguilla","Anguilla","Anguilla","Anguilla","Ангилья","Anguilla","แองกวิลลา","Ангілья"
"9","aq","ata","القارة القطبية الجنوبية","南极洲","Antarktida","Antarktika (Sonderstatus durch Antarktis-Vertrag)","Ανταρκτική","Antarctica","Antártida","Antarctique","Antarktisz","Antartide","南極","Antarktida","Antarktida","Antarktika","Antarktyka","Antártida","Antarctica","Антарктида","Antarktída","แอนตาร์กติกา","Антарктида"
"10","ag","atg","أنتيغوا وباربودا","安地卡及巴布達","Antigua a Barbuda","Antigua und Barbuda","Αντίγκουα και Μπαρμπούντα","Antigua and Barbuda","Antigua y Barbuda","Antigua-et-Barbuda","Antigua és Barbuda","Antigua e Barbuda","アンティグア・バーブーダ","Antigva ir Barbuda","Antigva ir Barbuda","Antigua og Barbuda","Antigua i Barbuda","Antígua e Barbuda","Antigua și Barbuda","Антигуа и Барбуда","Antigua a Barbuda","แอนติกาและบาร์บูดา","Антигуа і Барбуда"
"11","ar","arg","الأرجنتين","阿根廷","Argentina","Argentinien","Αργεντινή","Argentina","Argentina","Argentine","Argentína","Argentina","アルゼンチン","Argentina","Argentina","Argentina","Argentyna","Argentina","Argentina","Аргентина","Argentína","อาร์เจนตินา","Аргентина"
"12","am","arm","أرمينيا","亞美尼亞","Arménie","Armenien","Αρμενία","Armenia","Armenia","Arménie","Örményország","Armenia","アルメニア","Armėnija","Armėnija","Armenia","Armenia","Armênia","Armenia","Армения","Arménsko","อาร์มีเนีย","Вірменія"
"13","aw","abw","أروبا","阿鲁巴","Aruba","Aruba","Αρούμπα","Aruba","Aruba","Aruba","Aruba","Aruba","アルバ","Aruba","Aruba","Aruba","Aruba","Aruba","Aruba","Аруба","Aruba","อารูบา","Аруба"
"14","au","aus","أستراليا","澳大利亚","Austrálie","Australien","Αυστραλία","Australia","Australia","Australie","Ausztrália","Australia","オーストラリア","Australija","Australija","Australia","Australia","Austrália","Australia","Австралия","Austrália","ออสเตรเลีย","Австралія"
"15","at","aut","النمسا","奥地利","Rakousko","Österreich","Αυστρία","Austria","Austria","Autriche","Ausztria","Austria","オーストリア","Austrija","Austrija","Østerrike","Austria","Áustria","Austria","Австрия","Rakúsko","ออสเตรีย","Австрія"
"16","az","aze","أذربيجان","阿塞拜疆","Ázerbájdžán","Aserbaidschan","Αζερμπαϊτζάν","Azerbaijan","Azerbaiyán","Azerbaïdjan","Azerbajdzsán","Azerbaigian","アゼルバイジャン","Azerbaidžanas","Azerbaidžanas","Aserbajdsjan","Azerbejdżan","Azerbaijão","Azerbaidjan","Азербайджан","Azerbajdžan","อาเซอร์ไบจาน","Азербайджан"
"17","bs","bhs","باهاماس","巴哈马","Bahamy","Bahamas","Μπαχάμες","Bahamas","Bahamas","Bahamas","Bahama-szigetek","Bahamas","バハマ","Bahamos","Bahamos","Bahamas","Bahamy","Bahamas","Bahamas","Багамы","Bahamy","บาฮามาส","Багамські Острови"
"18","bh","bhr","البحرين","巴林","Bahrajn","Bahrain","Μπαχρέιν","Bahrain","Baréin","Bahreïn","Bahrein","Bahrein","バーレーン","Bahreinas","Bahreinas","Bahrain","Bahrajn","Bahrein","Bahrain","Бахрейн","Bahrajn","บาห์เรน","Бахрейн"
"19","bd","bgd","بنغلاديش","孟加拉国","Bangladéš","Bangladesch","Μπανγκλαντές","Bangladesh","Bangladés","Bangladesh","Banglades","Bangladesh","バングラデシュ","Bangladešas","Bangladešas","Bangladesh","Bangladesz","Bangladesh","Bangladesh","Бангладеш","Bangladéš","บังกลาเทศ","Бангладеш"
"20","bb","brb","باربادوس","巴巴多斯","Barbados","Barbados","Μπαρμπάντος","Barbados","Barbados","Barbade","Barbados","Barbados","バルバドス","Barbadosas","Barbadosas","Barbados","Barbados","Barbados","Barbados","Барбадос","Barbados","บาร์เบโดส","Барбадос"
"21","by","blr","روسيا البيضاء","白俄羅斯","Bělorusko","Belarus (Weißrussland)","Λευκορωσία","Belarus","Bielorrusia","Biélorussie","Fehéroroszország","Bielorussia","ベラルーシ","Baltarusija","Baltarusija","Hviterussland","Białoruś","Bielorrússia","Belarus","Республика Беларусь","Bielorusko","เบลารุส","Білорусь"
"22","be","bel","بلجيكا","比利時","Belgie","Belgien","Βέλγιο","Belgium","Bélgica","Belgique","Belgium","Belgio","ベルギー","Belgija","Belgija","Belgia","Belgia","Bélgica","Belgia","Бельгия","Belgicko","เบลเยียม","Бельгія"
"23","bz","blz","بليز","伯利兹","Belize","Belize","Μπελίζ","Belize","Belice","Belize","Belize","Belize","ベリーズ","Belizas","Belizas","Belize","Belize","Belize","Belize","Белиз","Belize","เบลีซ","Беліз"
"24","bj","ben","بنين","贝宁","Benin","Benin","Μπενίν","Benin","Benín","Bénin","Benin","Benin","ベナン","Beninas","Beninas","Benin","Benin","Benim","Benin","Бенин","Benin","เบนิน","Бенін"
"25","bm","bmu","برمودا","百慕大","Bermudy","Bermuda","Βερμούδες","Bermuda","Bermudas","Bermudes","Bermuda","Bermuda","バミューダ","Bermuda","Bermuda","Bermuda","Bermudy","Bermudas","Bermude","Бермуды","Bermudy","เบอร์มิวดา","Бермудські Острови"
"26","bt","btn","بوتان","不丹","Bhútán","Bhutan","Μπουτάν","Bhutan","Bután","Bhoutan","Bhután","Bhutan","ブータン","Butanas","Butanas","Bhutan","Bhutan","Butão","Bhutan","Бутан","Bhután","ภูฏาน","Бутан"
"27","bo","bol","بوليفيا","玻利维亚","Bolívie","Bolivien","Βολιβία","Bolivia (Plurinational State of)","Bolivia","Bolivie","Bolívia","Bolivia","ボリビア多民族国","Bolivija","Bolivija","Bolivia","Boliwia","Bolívia","Bolivia","Боливия","Bolívia","โบลิเวีย","Болівія"
"28","bq","bes","الجزر الكاريبية الهولندية","荷兰加勒比区","Bonaire, Svatý Eustach a Saba","Bonaire, Sint Eustatius und Saba (Niederlande)","Μποναίρ, Άγιος Ευστάθιος και Σάμπα (Bonaire, Sint Eustatius ","Bonaire, Sint Eustatius and Saba","Bonaire, San Eustaquio y Saba","Pays-Bas caribéens","Karibi Hollandia (Bonaire, Saba, Sint Eustatius)","Isole BES","ボネール、シント・ユースタティウスおよびサバ","Boneras, Sint Eustatijus ir Saba (BES salos)","Boneras, Sint Eustatijus ir Saba (BES salos)","Bonaire, Sint Eustatius og Saba","Bonaire, Sint Eustatius i Saba","Países Baixos Caribenhos","Insulele Bonaire, Sint Eustatius și Saba","Бонэйр, Синт-Эстатиус и Саба","Bonaire, Svätý Eustach a Saba","แม่แบบ:Country data Bonaire, Sint Eustatius and Saba","Карибські Нідерланди"
"29","ba","bih","البوسنة والهرسك","波斯尼亚和黑塞哥维那","Bosna a Hercegovina","Bosnien und Herzegowina","Βοσνία-Ερζεγοβίνη","Bosnia and Herzegovina","Bosnia y Herzegovina","Bosnie-Herzégovine","Bosznia-Hercegovina","Bosnia ed Erzegovina","ボスニア・ヘルツェゴビナ","Bosnija ir Hercegovina","Bosnija ir Hercegovina","Bosnia-Hercegovina","Bośnia i Hercegowina","Bósnia e Herzegovina","Bosnia și Herțegovina","Босния и Герцеговина","Bosna a Hercegovina","บอสเนียและเฮอร์เซโกวีนา","Боснія і Герцеговина"
"30","bw","bwa","بوتسوانا","博茨瓦纳","Botswana","Botswana","Μποτσουάνα","Botswana","Botsuana","Botswana","Botswana","Botswana","ボツワナ","Botsvana","Botsvana","Botswana","Botswana","Botswana","Botswana","Ботсвана","Botswana","บอตสวานา","Ботсвана"
"31","bv","bvt","جزيرة بوفيه","布韦岛","Bouvetův ostrov","Bouvetinsel","Μπουβέ","Bouvet Island","Isla Bouvet","Île Bouvet","Bouvet-sziget","Isola Bouvet","ブーベ島","Buvė sala","Buvė sala","Bouvetøya","Wyspa Bouveta","Ilha Bouvet","Insula Bouvet","Остров Буве","Bouvetov ostrov","เกาะบูเวต์","Острів Буве"
"32","br","bra","البرازيل","巴西","Brazílie","Brasilien","Βραζιλία","Brazil","Brasil","Brésil","Brazília","Brasile","ブラジル","Brazilija","Brazilija","Brasil","Brazylia","Brasil","Brazilia","Бразилия","Brazília","บราซิล","Бразилія"
"33","io","iot","إقليم المحيط الهندي البريطاني","英屬印度洋領地","Britské indickooceánské území","Britisches Territorium im Indischen Ozean","Βρετανικό Έδαφος Ινδικού Ωκεανού","British Indian Ocean Territory","Territorio Británico del Océano Índico","Territoire britannique de l'océan Indien","Brit Indiai-óceáni Terület","Territorio britannico dell'Oceano Indiano","イギリス領インド洋地域","Indijos Vandenyno Britų Sritis","Indijos Vandenyno Britų Sritis","Det britiske territoriet i Indiahavet","Brytyjskie Terytorium Oceanu Indyjskiego","Território Britânico do Oceano Índico","Teritoriul Britanic din Oceanul Indian","Британская территория в Индийском океане","Britské indickooceánske územie","บริติชอินเดียนโอเชียนเทร์ริทอรี","Британська Територія в Індійському Океані"
"34","bn","brn","بروناي","文莱","Brunej","Brunei Darussalam","Μπρουνέι","Brunei Darussalam","Brunéi","Brunei","Brunei","Brunei","ブルネイ・ダルサラーム","Brunėjus","Brunėjus","Brunei","Brunei","Brunei","Brunei","Бруней","Brunej","บรูไน","Бруней"
"35","bg","bgr","بلغاريا","保加利亚","Bulharsko","Bulgarien","Βουλγαρία","Bulgaria","Bulgaria","Bulgarie","Bulgária","Bulgaria","ブルガリア","Bulgarija","Bulgarija","Bulgaria","Bułgaria","Bulgária","Bulgaria","Болгария","Bulharsko","บัลแกเรีย","Болгарія"
"36","bf","bfa","بوركينا فاسو","布吉納法索","Burkina Faso","Burkina Faso","Μπουρκίνα Φάσο","Burkina Faso","Burkina Faso","Burkina Faso","Burkina Faso","Burkina Faso","ブルキナファソ","Burkina Faso","Burkina Faso","Burkina Faso","Burkina Faso","Burkina Faso","Burkina Faso","Буркина-Фасо","Burkina","บูร์กินาฟาโซ","Буркіна-Фасо"
"37","bi","bdi","بوروندي","布隆迪","Burundi","Burundi","Μπουρούντι","Burundi","Burundi","Burundi","Burundi","Burundi","ブルンジ","Burundis","Burundis","Burundi","Burundi","Burundi","Burundi","Бурунди","Burundi","บุรุนดี","Бурунді"
"38","cv","cpv","الرأس الأخضر","佛得角","Kapverdy","Kap Verde","Πράσινο Ακρωτήρι","Cabo Verde","Cabo Verde","Cap-Vert","Zöld-foki Köztársaság","Capo Verde","カーボベルデ","Žaliasis Kyšulys","Žaliasis Kyšulys","Kapp Verde","Republika Zielonego Przylądka","Cabo Verde","Republica Capului Verde","Кабо-Верде","Kapverdy","กาบูเวร์ดี","Кабо-Верде"
"39","kh","khm","كمبوديا","柬埔寨","Kambodža","Kambodscha","Καμπότζη","Cambodia","Camboya","Cambodge","Kambodzsa","Cambogia","カンボジア","Kambodža","Kambodža","Kambodsja","Kambodża","Camboja","Cambodgia","Камбоджа","Kambodža","กัมพูชา","Камбоджа"
"40","cm","cmr","الكاميرون","喀麦隆","Kamerun","Kamerun","Καμερούν","Cameroon","Camerún","Cameroun","Kamerun","Camerun","カメルーン","Kamerūnas","Kamerūnas","Kamerun","Kamerun","Camarões","Camerun","Камерун","Kamerun","แคเมอรูน","Камерун"
"41","ca","can","كندا","加拿大","Kanada","Kanada","Καναδάς","Canada","Canadá","Canada","Kanada","Canada","カナダ","Kanada","Kanada","Canada","Kanada","Canadá","Canada","Канада","Kanada","แคนาดา","Канада"
"42","ky","cym","جزر كايمان","开曼群岛","Kajmanské ostrovy","Kaimaninseln","Κέιμαν Νήσοι","Cayman Islands","Islas Caimán","Îles Caïmans","Kajmán-szigetek","Isole Cayman","ケイマン諸島","Kaimanų salos","Kaimanų salos","Caymanøyene","Kajmany","Ilhas Cayman","Insulele Cayman","Острова Кайман","Kajmanie ostrovy","หมู่เกาะเคย์แมน","Кайманові Острови"
"43","cf","caf","جمهورية أفريقيا الوسطى","中非","Středoafrická republika","Zentralafrikanische Republik","Κεντροαφρικανική Δημοκρατία","Central African Republic","República Centroafricana","République centrafricaine","Közép-Afrika","Rep. Centrafricana","中央アフリカ共和国","Centrinės Afrikos Respublika","Centrinės Afrikos Respublika","Den sentralafrikanske republikk","Republika Środkowoafrykańska","República Centro-Africana","Republica Centrafricană","ЦАР","Stredoafrická republika","สาธารณรัฐแอฟริกากลาง","Центральноафриканська Республіка"
"44","td","tcd","تشاد","乍得","Čad","Tschad","Τσαντ","Chad","Chad","Tchad","Csád","Ciad","チャド","Čadas","Čadas","Tsjad","Czad","Chade","Ciad","Чад","Čad","ชาด","Чад"
"45","cl","chl","تشيلي","智利","Chile","Chile","Χιλή","Chile","Chile","Chili","Chile","Cile","チリ","Čilė","Čilė","Chile","Chile","Chile","Chile","Чили","Čile","ชิลี","Чилі"
"46","cn","chn","الصين","中国","Čína","China, Volksrepublik","Κίνα","China","China","Chine","Kína","Cina","中華人民共和国","Kinija","Kinija","Kina","Chiny","China","Republica Populară Chineză","КНР (Китайская Народная Республика)","Čína","จีน","КНР"
"47","cx","cxr","جزيرة عيد الميلاد","圣诞岛","Vánoční ostrov","Weihnachtsinsel","Νήσος των Χριστουγέννων","Christmas Island","Isla de Navidad","Île Christmas","Karácsony-sziget","Isola di Natale","クリスマス島","Kalėdų sala","Kalėdų sala","Christmasøya","Wyspa Bożego Narodzenia","Ilha do Natal","Insula Crăciunului","Остров Рождества","Vianočný ostrov","เกาะคริสต์มาส","Острів Різдва"
"48","cc","cck","جزر كوكوس","科科斯（基林）群島","Kokosové ostrovy","Kokosinseln","Νησιά Κόκος (Keeling)","Cocos (Keeling) Islands","Islas Cocos","Îles Cocos","Kókusz (Keeling)-szigetek","Isole Cocos (Keeling)","ココス（キーリング）諸島","Kokosų (Kilingo) Salos","Kokosų (Kilingo) Salos","Kokosøyene","Wyspy Kokosowe","Ilhas Cocos (Keeling)","Insulele Cocos","Кокосовые острова","Kokosové ostrovy","หมู่เกาะโคโคส","Кокосові острови"
"49","co","col","كولومبيا","哥伦比亚","Kolumbie","Kolumbien","Κολομβία","Colombia","Colombia","Colombie","Kolumbia","Colombia","コロンビア","Kolumbija","Kolumbija","Colombia","Kolumbia","Colômbia","Columbia","Колумбия","Kolumbia","โคลอมเบีย","Колумбія"
"50","km","com","جزر القمر","科摩罗","Komory","Komoren","Κομόρες","Comoros","Comoras","Comores (pays)","Comore-szigetek","Comore","コモロ","Komorai","Komorai","Komorene","Komory","Comores","Comore","Коморы","Komory","คอโมโรส","Коморські Острови"
"51","cg","cog","جمهورية الكونغو","刚果（布）","Kongo","Kongo, Republik (ehem. K.-Brazzaville)","Κογκό","Congo","República del Congo","République du Congo","Kongói Köztársaság (Kongó)","Rep. del Congo","コンゴ共和国","Kongo Respublika","Kongo Respublika","Kongo, Republikken","Kongo","República do Congo","Congo","Республика Конго","Kongo","สาธารณรัฐคองโก","Республіка Конго"
"52","cd","cod","جمهورية الكونغو الديمقراطية","刚果（金）","Demokratická republika Kongo","Kongo, Demokratische Republik (ehem. Zaire)","Λαϊκή Δημοκρατία του Κογκό","Congo (Democratic Republic of the)","República Democrática del Congo","République démocratique du Congo","Kongói Demokratikus Köztársaság (Zaire)","RD del Congo","コンゴ民主共和国","Kongo Demokratinė Respublika","Kongo Demokratinė Respublika","Kongo, Den demokratiske republikken","Demokratyczna Republika Konga","República Democrática do Congo","Republica Democrată Congo","Демократическая Республика Конго","Konžská demokratická republika","สาธารณรัฐประชาธิปไตยคองโก","ДР Конго"
"53","ck","cok","جزر كوك","庫克群島","Cookovy ostrovy","Cookinseln","Νήσοι Κουκ","Cook Islands","Islas Cook","Îles Cook","Cook-szigetek","Isole Cook","クック諸島","Kuko Salos","Kuko Salos","Cookøyene","Wyspy Cooka","Ilhas Cook","Insulele Cook","Острова Кука","Cookove ostrovy","หมู่เกาะคุก","Острови Кука"
"54","cr","cri","كوستاريكا","哥斯达黎加","Kostarika","Costa Rica","Κόστα Ρίκα","Costa Rica","Costa Rica","Costa Rica","Costa Rica","Costa Rica","コスタリカ","Kosta Rika","Kosta Rika","Costa Rica","Kostaryka","Costa Rica","Costa Rica","Коста-Рика","Kostarika","คอสตาริกา","Коста-Рика"
"55","ci","civ","ساحل العاج","科特迪瓦","Pobřeží slonoviny","Côte d’Ivoire (Elfenbeinküste)","Ακτή Ελεφαντοστού","Côte d'Ivoire","Costa de Marfil","Côte d'Ivoire","Elefántcsontpart","Costa d'Avorio","コートジボワール","Dramblio Kaulo Krantas","Dramblio Kaulo Krantas","Elfenbenskysten","Wybrzeże Kości Słoniowej","Costa do Marfim","Coasta de Fildeș","Кот-д’Ивуар","Pobrežie Slonoviny","โกตดิวัวร์","Кот-д'Івуар"
"56","hr","hrv","كرواتيا","克罗地亚","Chorvatsko","Kroatien","Κροατία","Croatia","Croacia","Croatie","Horvátország","Croazia","クロアチア","Kroatija","Kroatija","Kroatia","Chorwacja","Croácia","Croația","Хорватия","Chorvátsko","โครเอเชีย","Хорватія"
"57","cu","cub","كوبا","古巴","Kuba","Kuba","Κούβα","Cuba","Cuba","Cuba","Kuba","Cuba","キューバ","Kuba","Kuba","Cuba","Kuba","Cuba","Cuba","Куба","Kuba","คิวบา","Куба"
"58","cw","cuw","كوراساو","库拉索","Curaçao","Curaçao","Κουρασάο","Curaçao","Curazao","Curaçao","Curaçao","Curaçao","キュラソー","Kiurasao","Kiurasao","Curaçao","Curaçao","Curaçao","Curaçao","Кюрасао","Curaçao","กือราเซา","Кюрасао"
"59","cy","cyp","قبرص","賽普勒斯","Kypr","Zypern","Κύπρος","Cyprus","Chipre","Chypre (pays)","Ciprus","Cipro","キプロス","Kipras","Kipras","Republikken Kypros","Cypr","Chipre","Cipru","Кипр","Cyprus","ไซปรัส","Кіпр"
"60","cz","cze","جمهورية التشيك","捷克","Česko","Tschechien","Τσεχία","Czechia","República Checa","Tchéquie","Csehország","Rep. Ceca","チェコ","Čekija","Čekija","Tsjekkia","Czechy","República Checa","Cehia","Чехия","Česko","เช็กเกีย","Чехія"
"61","dk","dnk","الدنمارك","丹麥","Dánsko","Dänemark","Δανία","Denmark","Dinamarca","Danemark","Dánia","Danimarca","デンマーク","Danija","Danija","Danmark","Dania","Dinamarca","Danemarca","Дания","Dánsko","เดนมาร์ก","Данія"
"62","dj","dji","جيبوتي","吉布提","Džibutsko","Dschibuti","Τζιμπουτί","Djibouti","Yibuti","Djibouti","Dzsibuti","Gibuti","ジブチ","Džibutis","Džibutis","Djibouti","Dżibuti","Djibouti","Djibouti","Джибути","Džibutsko","จิบูตี","Джибуті"
"63","dm","dma","دومينيكا","多米尼克","Dominika","Dominica","Δομινίκα","Dominica","Dominica","Dominique","Dominikai Közösség","Dominica","ドミニカ国","Dominika","Dominika","Dominica","Dominika","Dominica","Dominica","Доминика","Dominika","ดอมินีกา","Домініка"
"64","do","dom","جمهورية الدومينيكان","多米尼加","Dominikánská republika","Dominikanische Republik","Δομινικανή Δημοκρατία","Dominican Republic","República Dominicana","République dominicaine","Dominikai Köztársaság","Rep. Dominicana","ドミニカ共和国","Dominikos Respublika","Dominikos Respublika","Den dominikanske republikk","Dominikana","República Dominicana","Republica Dominicană","Доминиканская Республика","Dominikánska republika","สาธารณรัฐโดมินิกัน","Домініканська Республіка"
"65","ec","ecu","الإكوادور","厄瓜多尔","Ekvádor","Ecuador","Ισημερινός","Ecuador","Ecuador","Équateur (pays)","Ecuador","Ecuador","エクアドル","Ekvadoras","Ekvadoras","Ecuador","Ekwador","Equador","Ecuador","Эквадор","Ekvádor","เอกวาดอร์","Еквадор"
"66","eg","egy","مصر","埃及","Egypt","Ägypten","Αίγυπτος","Egypt","Egipto","Égypte","Egyiptom","Egitto","エジプト","Egiptas","Egiptas","Egypt","Egipt","Egito","Egipt","Египет","Egypt","อียิปต์","Єгипет"
"67","sv","slv","السلفادور","薩爾瓦多","Salvador","El Salvador","Ελ Σαλβαδόρ","El Salvador","El Salvador","Salvador","Salvador","El Salvador","エルサルバドル","Salvadoras","Salvadoras","El Salvador","Salwador","El Salvador","El Salvador","Сальвадор","Salvádor","เอลซัลวาดอร์","Сальвадор"
"68","gq","gnq","غينيا الاستوائية","赤道几内亚","Rovníková Guinea","Äquatorialguinea","Ισημερινή Γουινέα","Equatorial Guinea","Guinea Ecuatorial","Guinée équatoriale","Egyenlítői-Guinea","Guinea Equatoriale","赤道ギニア","Pusiaujo Gvinėja","Pusiaujo Gvinėja","Ekvatorial-Guinea","Gwinea Równikowa","Guiné Equatorial","Guineea Ecuatorială","Экваториальная Гвинея","Rovníková Guinea","อิเควทอเรียลกินี","Екваторіальна Гвінея"
"69","er","eri","إريتريا","厄立特里亚","Eritrea","Eritrea","Ερυθραία","Eritrea","Eritrea","Érythrée","Eritrea","Eritrea","エリトリア","Eritrėja","Eritrėja","Eritrea","Erytrea","Eritreia","Eritreea","Эритрея","Eritrea","เอริเทรีย","Еритрея"
"70","ee","est","إستونيا","爱沙尼亚","Estonsko","Estland","Εσθονία","Estonia","Estonia","Estonie","Észtország","Estonia","エストニア","Estija","Estija","Estland","Estonia","Estónia","Estonia","Эстония","Estónsko","เอสโตเนีย","Естонія"
"71","sz","swz","سوازيلاند","斯威士兰","Svazijsko","Swasiland","Σουαζιλάνδη","Eswatini","Suazilandia","Swaziland","Szváziföld","Swaziland","スワジランド","Svazilendas","Svazilendas","Swaziland","Suazi","Suazilândia","Swaziland","Свазиленд","Svazijsko","สวาซิแลนด์","Свазіленд"
"72","et","eth","إثيوبيا","衣索比亞","Etiopie","Äthiopien","Αιθιοπία","Ethiopia","Etiopía","Éthiopie","Etiópia","Etiopia","エチオピア","Etiopija","Etiopija","Etiopia","Etiopia","Etiópia","Etiopia","Эфиопия","Etiópia","เอธิโอเปีย","Ефіопія"
"73","fk","flk","جزر فوكلاند","福克蘭群島","Falklandy (Malvíny)","Falklandinseln","Νήσοι Φώκλαντ","Falkland Islands (Malvinas)","Islas Malvinas","Malouines","Falkland-szigetek","Isole Falkland","フォークランド（マルビナス）諸島","Folklando (Malvinų) Salos","Folklando (Malvinų) Salos","Falklandsøyene","Falklandy","Ilhas Malvinas","Insulele Falkland","Фолклендские острова","Falklandy","หมู่เกาะฟอล์กแลนด์","Фолклендські Острови"
"74","fo","fro","جزر فارو","法罗群岛","Faerské ostrovy","Färöer","Νήσοι Φερόες","Faroe Islands","Islas Feroe","Îles Féroé","Feröer","Fær Øer","フェロー諸島","Farerų Salos","Farerų Salos","Færøyene","Wyspy Owcze","Ilhas Feroé","Insulele Feroe","Фареры","Faerské ostrovy","หมู่เกาะแฟโร","Фарерські острови"
"75","fj","fji","فيجي","斐济","Fidži","Fidschi","Φίτζι","Fiji","Fiyi","Fidji","Fidzsi","Figi","フィジー","Fidžis","Fidžis","Fiji","Fidżi","Fiji","Fiji","Фиджи","Fidži","ฟีจี","Фіджі"
"76","fi","fin","فنلندا","芬兰","Finsko","Finnland","Φινλανδία","Finland","Finlandia","Finlande","Finnország","Finlandia","フィンランド","Suomija","Suomija","Finland","Finlandia","Finlândia","Finlanda","Финляндия","Fínsko","ฟินแลนด์","Фінляндія"
"77","fr","fra","فرنسا","法国","Francie","Frankreich","Γαλλία","France","Francia","France","Franciaország","Francia","フランス","Prancūzija","Prancūzija","Frankrike","Francja","França","Franța","Франция","Francúzsko","ฝรั่งเศส","Франція"
"78","gf","guf","غويانا الفرنسية","法属圭亚那","Francouzská Guyana","Französisch-Guayana","Γαλλική Γουιάνα","French Guiana","Guayana Francesa","Guyane","Francia Guyana Francia Guyana","Guyana francese","フランス領ギアナ","Prancūzijos Gviana","Prancūzijos Gviana","Fransk Guyana","Gujana Francuska","Guiana Francesa","Guiana Franceză","Гвиана","Francúzska Guyana","เฟรนช์เกียนา","Французька Гвіана"
"79","pf","pyf","بولينزيا الفرنسية","法屬玻里尼西亞","Francouzská Polynésie","Französisch-Polynesien","Γαλλική Πολυνησία","French Polynesia","Polinesia Francesa","Polynésie française","Francia Polinézia","Polinesia Francese","フランス領ポリネシア","Prancūzijos Polinezija","Prancūzijos Polinezija","Fransk Polynesia","Polinezja Francuska","Polinésia Francesa","Polinezia franceză","Французская Полинезия","Francúzska Polynézia","เฟรนช์พอลินีเชีย","Французька Полінезія"
"80","tf","atf","أراض فرنسية جنوبية وأنتارتيكية","法属南方和南极洲领地","Francouzská jižní a antarktická území","Französische Süd- und Antarktisgebiete","Γαλλικά Νότια και Ανταρκτικά Εδάφη","French Southern Territories","Tierras Australes y Antárticas Francesas","Terres australes et antarctiques françaises","Francia déli és antarktiszi területek","Terre australi e antartiche francesi","フランス領南方・南極地域","Prancūzijos Pietų Sritys","Prancūzijos Pietų Sritys","De franske sørterritorier","Francuskie Terytoria Południowe i Antarktyczne","Terras Austrais e Antárticas Francesas","Teritoriile australe și antarctice franceze","Французские Южные и Антарктические Территории","Francúzske južné územia","เฟรนช์เซาเทิร์นและแอนตาร์กติกแลนดส์","Французькі Південні і Антарктичні Території"
"81","ga","gab","الغابون","加彭","Gabon","Gabun","Γκαμπόν","Gabon","Gabón","Gabon","Gabon","Gabon","ガボン","Gabonas","Gabonas","Gabon","Gabon","Gabão","Gabon","Габон","Gabon","กาบอง","Габон"
"82","gm","gmb","غامبيا","冈比亚","Gambie","Gambia","Γκάμπια","Gambia","Gambia","Gambie","Gambia","Gambia","ガンビア","Gambija","Gambija","Gambia","Gambia","Gâmbia","Gambia","Гамбия","Gambia","แกมเบีย","Гамбія"
"83","ge","geo","جورجيا","格鲁吉亚","Gruzie","Georgien","Γεωργία","Georgia","Georgia","Géorgie (pays)","Grúzia","Georgia","ジョージア","Gruzija","Gruzija","Georgia","Gruzja","Geórgia","Georgia","Грузия","Gruzínsko","จอร์เจีย","Грузія"
"84","de","deu","ألمانيا","德國","Německo","Deutschland","Γερμανία","Germany","Alemania","Allemagne","Németország","Germania","ドイツ","Vokietija","Vokietija","Tyskland","Niemcy","Alemanha","Germania","Германия","Nemecko","เยอรมนี","Німеччина"
"85","gh","gha","غانا","加纳","Ghana","Ghana","Γκάνα","Ghana","Ghana","Ghana","Ghána","Ghana","ガーナ","Gana","Gana","Ghana","Ghana","Gana","Ghana","Гана","Ghana","กานา","Гана"
"86","gi","gib","جبل طارق","直布罗陀","Gibraltar","Gibraltar","Γιβραλτάρ","Gibraltar","Gibraltar","Gibraltar","Gibraltár","Gibilterra","ジブラルタル","Gibraltaras","Gibraltaras","Gibraltar","Gibraltar","Gibraltar","Gibraltar","Гибралтар","Gibraltár","ยิบรอลตาร์","Гібралтар"
"87","gr","grc","اليونان","希臘","Řecko","Griechenland","Ελλάδα","Greece","Grecia","Grèce","Görögország","Grecia","ギリシャ","Graikija","Graikija","Hellas","Grecja","Grécia","Grecia","Греция","Grécko","กรีซ","Греція"
"88","gl","grl","جرينلاند","格陵兰","Grónsko","Grönland","Γροιλανδία","Greenland","Groenlandia","Groenland","Grönland","Groenlandia","グリーンランド","Grenlandija","Grenlandija","Grønland","Grenlandia","Gronelândia","Groenlanda","Гренландия","Grónsko","กรีนแลนด์","Ґренландія"
"89","gd","grd","غرينادا","格瑞那達","Grenada","Grenada","Γρενάδα","Grenada","Granada","Grenade (pays)","Grenada","Grenada","グレナダ","Grenada","Grenada","Grenada","Grenada","Granada","Grenada","Гренада","Grenada","เกรเนดา","Гренада"
"90","gp","glp","غوادلوب","瓜德罗普","Guadeloupe","Guadeloupe","Γουαδελούπη","Guadeloupe","Guadalupe","Guadeloupe","Guadeloupe","Guadalupa","グアドループ","Gvadelupa","Gvadelupa","Guadeloupe","Gwadelupa","Guadalupe","Guadelupa","Гваделупа","Guadeloupe","กัวเดอลุป","Гваделупа"
"91","gu","gum","غوام","關島","Guam","Guam","Γκουάμ","Guam","Guam","Guam","Guam","Guam","グアム","Guamas","Guamas","Guam","Guam","Guam","Guam","Гуам","Guam","กวม","Гуам"
"92","gt","gtm","غواتيمالا","危地马拉","Guatemala","Guatemala","Γουατεμάλα","Guatemala","Guatemala","Guatemala","Guatemala","Guatemala","グアテマラ","Gvatemala","Gvatemala","Guatemala","Gwatemala","Guatemala","Guatemala","Гватемала","Guatemala","กัวเตมาลา","Гватемала"
"93","gg","ggy","غيرنزي","根西","Guernsey","Guernsey (Kanalinsel)","Γκέρνσεϊ","Guernsey","Guernsey","Guernesey","Guernsey Bailiffség","Guernsey","ガーンジー","Gernsis","Gernsis","Guernsey","Guernsey","Guernsey","Guernsey","Гернси","Guernsey","เกิร์นซีย์","Гернсі"
"94","gn","gin","غينيا","几内亚","Guinea","Guinea","Γουινέα","Guinea","Guinea","Guinée","Guinea","Guinea","ギニア","Gvinėja","Gvinėja","Guinea","Gwinea","Guiné","Guineea","Гвинея","Guinea","กินี","Гвінея"
"95","gw","gnb","غينيا بيساو","几内亚比绍","Guinea-Bissau","Guinea-Bissau","Γουινέα-Μπισσάου","Guinea-Bissau","Guinea-Bisáu","Guinée-Bissau","Bissau-Guinea","Guinea-Bissau","ギニアビサウ","Bisau Gvinėja","Bisau Gvinėja","Guinea-Bissau","Gwinea Bissau","Guiné-Bissau","Guineea-Bissau","Гвинея-Бисау","Guinea-Bissau","กินี-บิสเซา","Гвінея-Бісау"
"96","gy","guy","غيانا","圭亚那","Guyana","Guyana","Γουιάνα","Guyana","Guyana","Guyana","Guyana","Guyana","ガイアナ","Gajana","Gajana","Guyana","Gujana","Guiana","Guyana","Гайана","Guyana","กายอานา","Гаяна"
"97","ht","hti","هايتي","海地","Haiti","Haiti","Αϊτή","Haiti","Haití","Haïti","Haiti","Haiti","ハイチ","Haitis","Haitis","Haiti","Haiti","Haiti","Haiti","Гаити","Haiti","เฮติ","Гаїті"
"98","hm","hmd","جزيرة هيرد وجزر ماكدونالد","赫德岛和麦克唐纳群岛","Heardův ostrov a McDonaldovy ostrovy","Heard und McDonaldinseln","Νήσοι Χερντ και Μακντόναλντ","Heard Island and McDonald Islands","Islas Heard y McDonald","Îles Heard-et-MacDonald","Heard-sziget és McDonald-szigetek","Isole Heard e McDonald","ハード島とマクドナルド諸島","Herdo ir Makdonaldo salos","Herdo ir Makdonaldo salos","Heard- og McDonaldøyene","Wyspy Heard i McDonalda","Ilha Heard e Ilhas McDonald","Insula Heard și Insulele McDonald","Херд и Макдональд","Heardov ostrov","เกาะเฮิร์ดและหมู่เกาะแมกดอนัลด์","Острів Херд і острови Макдональд"
"99","va","vat","الفاتيكان","梵蒂冈","Vatikán","Vatikanstadt","Βατικανό","Holy See","Vaticano, Ciudad del","Saint-Siège (État de la Cité du Vatican)","Vatikán","Città del Vaticano","バチカン市国","Vatikanas","Vatikanas","Vatikanstaten","Watykan","Vaticano","Vatican","Ватикан","Vatikán","นครรัฐวาติกัน","Ватикан"
"100","hn","hnd","هندوراس","洪都拉斯","Honduras","Honduras","Ονδούρα","Honduras","Honduras","Honduras","Honduras","Honduras","ホンジュラス","Hondūras","Hondūras","Honduras","Honduras","Honduras","Honduras","Гондурас","Honduras","ฮอนดูรัส","Гондурас"
"101","hk","hkg","هونغ كونغ","香港","Hongkong","Hongkong","Χονγκ Κονγκ","Hong Kong","Hong Kong","Hong Kong","Hongkong","Hong Kong","香港","Honkongas","Honkongas","Hongkong","Hongkong","Hong Kong","Hong Kong","Гонконг","Hongkong","ฮ่องกง","Гонконг"
"102","hu","hun","المجر","匈牙利","Maďarsko","Ungarn","Ουγγαρία","Hungary","Hungría","Hongrie","Magyarország","Ungheria","ハンガリー","Vengrija","Vengrija","Ungarn","Węgry","Hungria","Ungaria","Венгрия","Maďarsko","ฮังการี","Угорщина"
"103","is","isl","آيسلندا","冰島","Island","Island","Ισλανδία","Iceland","Islandia","Islande","Izland","Islanda","アイスランド","Islandija","Islandija","Island","Islandia","Islândia","Islanda","Исландия","Island","ไอซ์แลนด์","Ісландія"
"104","in","ind","الهند","印度","Indie","Indien","Ινδία","India","India","Inde","India","India","インド","Indija","Indija","India","Indie","Índia","India","Индия","India","อินเดีย","Індія"
"105","id","idn","إندونيسيا","印尼","Indonésie","Indonesien","Ινδονησία","Indonesia","Indonesia","Indonésie","Indonézia","Indonesia","インドネシア","Indonezija","Indonezija","Indonesia","Indonezja","Indonésia","Indonezia","Индонезия","Indonézia","อินโดนีเซีย","Індонезія"
"106","ir","irn","إيران","伊朗","Írán","Iran, Islamische Republik","Ιράν","Iran (Islamic Republic of)","Irán","Iran","Irán","Iran","イラン・イスラム共和国","Iranas","Iranas","Iran","Iran","Irão","Iran","Иран","Irán","อิหร่าน","Іран"
"107","iq","irq","العراق","伊拉克","Irák","Irak","Ιράκ","Iraq","Irak","Irak","Irak","Iraq","イラク","Irakas","Irakas","Irak","Irak","Iraque","Irak","Ирак","Irak","อิรัก","Ірак"
"108","ie","irl","أيرلندا","爱尔兰","Irsko","Irland","Ιρλανδία","Ireland","Irlanda","Irlande (pays)","Írország","Irlanda","アイルランド","Airija","Airija","Irland","Irlandia","Irlanda","Republica Irlanda","Ирландия","Írsko","ไอร์แลนด์","Ірландія"
"109","im","imn","جزيرة مان","马恩岛","Ostrov Man","Insel Man","Νήσος Μαν","Isle of Man","Isla de Man","Île de Man","Man","Isola di Man","マン島","Meno sala","Meno sala","Man","Wyspa Man","Ilha de Man","Insula Man","Остров Мэн","Ostrov Man","ไอล์ออฟแมน","Острів Мен"
"110","il","isr","إسرائيل","以色列","Izrael","Israel","Ισραήλ","Israel","Israel","Israël","Izrael","Israele","イスラエル","Izraelis","Izraelis","Israel","Izrael","Israel","Israel","Израиль","Izrael","อิสราเอล","Ізраїль"
"111","it","ita","إيطاليا","義大利","Itálie","Italien","Ιταλία","Italy","Italia","Italie","Olaszország","Italia","イタリア","Italija","Italija","Italia","Włochy","Itália","Italia","Италия","Taliansko","อิตาลี","Італія"
"112","jm","jam","جامايكا","牙买加","Jamajka","Jamaika","Τζαμάικα","Jamaica","Jamaica","Jamaïque","Jamaica","Giamaica","ジャマイカ","Jamaika","Jamaika","Jamaica","Jamajka","Jamaica","Jamaica","Ямайка","Jamajka","จาเมกา","Ямайка"
"113","jp","jpn","اليابان","日本","Japonsko","Japan","Ιαπωνία","Japan","Japón","Japon","Japán","Giappone","日本","Japonija","Japonija","Japan","Japonia","Japão","Japonia","Япония","Japonsko","ญี่ปุ่น","Японія"
"114","je","jey","جيرزي","澤西","Jersey","Jersey (Kanalinsel)","Τζέρσεϊ","Jersey","Jersey","Jersey","Jersey Bailiffség","Jersey","ジャージー","Džersis","Džersis","Jersey","Jersey","Jersey","Insula Jersey","Джерси","Jersey","เจอร์ซีย์","Джерсі"
"115","jo","jor","الأردن","约旦","Jordánsko","Jordanien","Ιορδανία","Jordan","Jordania","Jordanie","Jordánia","Giordania","ヨルダン","Jordanija","Jordanija","Jordan","Jordania","Jordânia","Iordania","Иордания","Jordánsko","จอร์แดน","Йорданія"
"116","kz","kaz","كازاخستان","哈萨克斯坦","Kazachstán","Kasachstan","Καζακστάν","Kazakhstan","Kazajistán","Kazakhstan","Kazahsztán","Kazakistan","カザフスタン","Kazachstanas","Kazachstanas","Kasakhstan","Kazachstan","Cazaquistão","Kazahstan","Казахстан","Kazachstan","คาซัคสถาน","Казахстан"
"117","ke","ken","كينيا","肯尼亚","Keňa","Kenia","Κένυα","Kenya","Kenia","Kenya","Kenya","Kenya","ケニア","Kenija","Kenija","Kenya","Kenia","Quênia","Kenya","Кения","Keňa","เคนยา","Кенія"
"118","ki","kir","كيريباتي","基里巴斯","Kiribati","Kiribati","Κιριμπάτι","Kiribati","Kiribati","Kiribati","Kiribati","Kiribati","キリバス","Kiribatis","Kiribatis","Kiribati","Kiribati","Kiribati","Kiribati","Кирибати","Kiribati","คิริบาส","Кірибаті"
"119","kp","prk","كوريا الشمالية","朝鲜","Severní Korea","Korea, Demokratische Volksrepublik (Nordkorea)","Βόρεια Κορέα","Korea (Democratic People's Republic of)","Corea del Norte","Corée du Nord","Észak-Korea (Koreai NDK)","Corea del Nord","朝鮮民主主義人民共和国","Šiaurės Korėja","Šiaurės Korėja","Nord-Korea","Korea Północna","Coreia do Norte","Coreea de Nord","КНДР (Корейская Народно-Демократическая Республика)","Kórejská ľudovodemokratická republika","เกาหลีเหนือ","Північна Корея"
"120","kr","kor","كوريا الجنوبية","韩国","Jižní Korea","Korea, Republik (Südkorea)","Νότια Κορέα","Korea (Republic of)","Corea del Sur","Corée du Sud","Dél-Korea (Koreai Köztársaság)","Corea del Sud","大韓民国","Pietų Korėja","Pietų Korėja","Sør-Korea","Korea Południowa","Coreia do Sul","Coreea de Sud","Республика Корея","Kórejská republika","เกาหลีใต้","Південна Корея"
"121","kw","kwt","الكويت","科威特","Kuvajt","Kuwait","Κουβέιτ","Kuwait","Kuwait","Koweït","Kuvait","Kuwait","クウェート","Kuveitas","Kuveitas","Kuwait","Kuwejt","Kuwait","Kuweit","Кувейт","Kuvajt","คูเวต","Кувейт"
"122","kg","kgz","قيرغيزستان","吉尔吉斯斯坦","Kyrgyzstán","Kirgisistan","Κιργιζία","Kyrgyzstan","Kirguistán","Kirghizistan","Kirgizisztán","Kirghizistan","キルギス","Kirgizija","Kirgizija","Kirgisistan","Kirgistan","Quirguistão","Kârgâzstan","Киргизия","Kirgizsko","คีร์กีซสถาน","Киргизстан"
"123","la","lao","لاوس","老挝","Laos","Laos, Demokratische Volksrepublik","Λάος","Lao People's Democratic Republic","Laos","Laos","Laosz","Laos","ラオス人民民主共和国","Laosas","Laosas","Laos","Laos","Laos","Laos","Лаос","Laos","ลาว","Лаос"
"124","lv","lva","لاتفيا","拉脫維亞","Lotyšsko","Lettland","Λεττονία","Latvia","Letonia","Lettonie","Lettország","Lettonia","ラトビア","Latvija","Latvija","Latvia","Łotwa","Letônia","Letonia","Латвия","Lotyšsko","ลัตเวีย","Латвія"
"125","lb","lbn","لبنان","黎巴嫩","Libanon","Libanon","Λίβανος","Lebanon","Líbano","Liban","Libanon","Libano","レバノン","Libanas","Libanas","Libanon","Liban","Líbano","Liban","Ливан","Libanon","เลบานอน","Ліван"
"126","ls","lso","ليسوتو","賴索托","Lesotho","Lesotho","Λεσότο","Lesotho","Lesoto","Lesotho","Lesotho","Lesotho","レソト","Lesotas","Lesotas","Lesotho","Lesotho","Lesoto","Lesotho","Лесото","Lesotho","เลโซโท","Лесото"
"127","lr","lbr","ليبيريا","利比里亚","Libérie","Liberia","Λιβερία","Liberia","Liberia","Liberia","Libéria","Liberia","リベリア","Liberija","Liberija","Liberia","Liberia","Libéria","Liberia","Либерия","Libéria","ไลบีเรีย","Ліберія"
"128","ly","lby","ليبيا","利比亞","Libye","Libyen","Λιβύη","Libya","Libia","Libye","Líbia","Libia","リビア","Libija","Libija","Libya","Libia","Líbia","Libia","Ливия","Líbya","ลิเบีย","Лівія"
"129","li","lie","ليختنشتاين","列支敦斯登","Lichtenštejnsko","Liechtenstein","Λίχτενσταϊν","Liechtenstein","Liechtenstein","Liechtenstein","Liechtenstein","Liechtenstein","リヒテンシュタイン","Lichtenšteinas","Lichtenšteinas","Liechtenstein","Liechtenstein","Liechtenstein","Liechtenstein","Лихтенштейн","Lichtenštajnsko","ลิกเตนสไตน์","Ліхтенштейн"
"130","lt","ltu","ليتوانيا","立陶宛","Litva","Litauen","Λιθουανία","Lithuania","Lituania","Lituanie","Litvánia","Lituania","リトアニア","Lietuva","Lietuva","Litauen","Litwa","Lituânia","Lituania","Литва","Litva","ลิทัวเนีย","Литва"
"131","lu","lux","لوكسمبورغ","卢森堡","Lucembursko","Luxemburg","Λουξεμβούργο","Luxembourg","Luxemburgo","Luxembourg (pays)","Luxemburg","Lussemburgo","ルクセンブルク","Liuksemburgas","Liuksemburgas","Luxembourg","Luksemburg","Luxemburgo","Luxemburg","Люксембург","Luxembursko","ลักเซมเบิร์ก","Люксембург"
"132","mo","mac","ماكاو","澳門","Macao","Macau","Μακάο","Macao","Macao","Macao","Makaó","Macao","マカオ","Makao","Makao","Macao","Makau","Macau","Macao","Макао","Macao","มาเก๊า","Макао"
"133","mk","mkd","مقدونيا","馬其頓","Makedonie","Mazedonien","ΠΓΔΜ","Macedonia (the former Yugoslav Republic of)","Macedonia","République de Macédoine (pays)","Macedónia","Macedonia","マケドニア旧ユーゴスラビア共和国","Makedonija","Makedonija","Makedonia, Republikken","Macedonia","Macedônia","Republica Macedonia","Македония","Macedónsko","มาซิโดเนีย","Республіка Македонія"
"134","mg","mdg","مدغشقر","马达加斯加","Madagaskar","Madagaskar","Μαδαγασκάρη","Madagascar","Madagascar","Madagascar","Madagaszkár","Madagascar","マダガスカル","Madagaskaras","Madagaskaras","Madagaskar","Madagaskar","Madagáscar","Madagascar","Мадагаскар","Madagaskar","มาดากัสการ์","Мадагаскар"
"135","mw","mwi","مالاوي","马拉维","Malawi","Malawi","Μαλάουι","Malawi","Malaui","Malawi","Malawi","Malawi","マラウイ","Malavis","Malavis","Malawi","Malawi","Malawi","Malawi","Малави","Malawi","มาลาวี","Малаві"
"136","my","mys","ماليزيا","马来西亚","Malajsie","Malaysia","Μαλαισία","Malaysia","Malasia","Malaisie","Malajzia","Malaysia","マレーシア","Malaizija","Malaizija","Malaysia","Malezja","Malásia","Malaezia","Малайзия","Malajzia","มาเลเซีย","Малайзія"
"137","mv","mdv","جزر المالديف","馬爾地夫","Maledivy","Malediven","Μαλδίβες","Maldives","Maldivas","Maldives","Maldív-szigetek","Maldive","モルディブ","Maldyvai","Maldyvai","Maldivene","Malediwy","Maldivas","Maldive","Мальдивы","Maldivy","มัลดีฟส์","Мальдіви"
"138","ml","mli","مالي","马里","Mali","Mali","Μάλι","Mali","Malí","Mali","Mali","Mali","マリ","Malis","Malis","Mali","Mali","Mali","Mali","Мали","Mali","มาลี","Малі"
"139","mt","mlt","مالطا","馬爾他","Malta","Malta","Μάλτα","Malta","Malta","Malte","Málta","Malta","マルタ","Malta","Malta","Malta","Malta","Malta","Malta","Мальта","Malta","มอลตา","Мальта"
"140","mh","mhl","جزر مارشال","马绍尔群岛","Marshallovy ostrovy","Marshallinseln","Νήσοι Μάρσαλ","Marshall Islands","Islas Marshall","Îles Marshall (pays)","Marshall-szigetek","Isole Marshall","マーシャル諸島","Maršalo salos","Maršalo salos","Marshalløyene","Wyspy Marshalla","Ilhas Marshall","Insulele Marshall","Маршалловы Острова","Marshallove ostrovy","หมู่เกาะมาร์แชลล์","Маршаллові Острови"
"141","mq","mtq","مارتينيك","马提尼克","Martinik","Martinique","Μαρτινίκα","Martinique","Martinica","Martinique","Martinique","Martinica","マルティニーク","Martinika","Martinika","Martinique","Martynika","Martinica","Martinica","Мартиника","Martinik","มาร์ตีนิก","Мартиніка"
"142","mr","mrt","موريتانيا","毛里塔尼亚","Mauritánie","Mauretanien","Μαυριτανία","Mauritania","Mauritania","Mauritanie","Mauritánia","Mauritania","モーリタニア","Mauritanija","Mauritanija","Mauritania","Mauretania","Mauritânia","Mauritania","Мавритания","Mauritánia","มอริเตเนีย","Мавританія"
"143","mu","mus","موريشيوس","模里西斯","Mauricius","Mauritius","Μαυρίκιος","Mauritius","Mauricio","Maurice (pays)","Mauritius","Mauritius","モーリシャス","Mauricijus","Mauricijus","Mauritius","Mauritius","Maurícia","Mauritius","Маврикий","Maurícius","มอริเชียส","Маврикій"
"144","yt","myt","مايوت","马约特","Mayotte","Mayotte","Μαγιότ","Mayotte","Mayotte","Mayotte","Mayotte","Mayotte","マヨット","Majotas","Majotas","Mayotte","Majotta","Mayotte","Mayotte","Майотта","Mayotte","มายอต","Майотта"
"145","mx","mex","المكسيك","墨西哥","Mexiko","Mexiko","Μεξικό","Mexico","México","Mexique","Mexikó","Messico","メキシコ","Meksika","Meksika","Mexico","Meksyk","México","Mexic","Мексика","Mexiko","เม็กซิโก","Мексика"
"146","fm","fsm","ولايات ميكرونيسيا المتحدة","密克羅尼西亞聯邦","Mikronésie","Mikronesien","Ομόσπονδες Πολιτείες της Μικρονησίας","Micronesia (Federated States of)","Micronesia","Micronésie (pays)","Mikronézia","Micronesia","ミクロネシア連邦","Mikronezija","Mikronezija","Mikronesiaføderasjonen","Mikronezja","Estados Federados da Micronésia","Micronezia","Микронезия","Mikronézia","ไมโครนีเซีย","Федеративні Штати Мікронезії"
"147","md","mda","مولدوفا","摩尔多瓦","Moldavsko","Moldawien (Republik Moldau)","Μολδαβία","Moldova (Republic of)","Moldavia","Moldavie","Moldova","Moldavia","モルドバ共和国","Moldavija","Moldavija","Moldova","Mołdawia","Moldávia","Republica Moldova","Молдавия","Moldavsko","มอลโดวา","Молдова"
"148","mc","mco","موناكو","摩納哥","Monako","Monaco","Μονακό","Monaco","Mónaco","Monaco","Monaco","Monaco","モナコ","Monakas","Monakas","Monaco","Monako","Mónaco","Monaco","Монако","Monako","โมนาโก","Монако"
"149","mn","mng","منغوليا","蒙古國","Mongolsko","Mongolei","Μογγολία","Mongolia","Mongolia","Mongolie","Mongólia","Mongolia","モンゴル","Mongolija","Mongolija","Mongolia","Mongolia","Mongólia","Mongolia","Монголия","Mongolsko","มองโกเลีย","Монголія"
"150","me","mne","الجبل الأسود","蒙特內哥羅","Černá Hora","Montenegro","Μαυροβούνιο","Montenegro","Montenegro","Monténégro","Montenegró","Montenegro","モンテネグロ","Juodkalnija","Juodkalnija","Montenegro","Czarnogóra","Montenegro","Muntenegru","Черногория","Čierna Hora","มอนเตเนโกร","Чорногорія"
"151","ms","msr","مونتسرات","蒙特塞拉特","Montserrat","Montserrat","Μοντσερράτ","Montserrat","Montserrat","Montserrat","Montserrat","Montserrat","モントセラト","Montseratas","Montseratas","Montserrat","Montserrat","Montserrat","Montserrat","Монтсеррат","Montserrat","มอนต์เซอร์รัต","Монтсеррат"
"152","ma","mar","المغرب","摩洛哥","Maroko","Marokko","Μαρόκο","Morocco","Marruecos","Maroc","Marokkó","Marocco","モロッコ","Marokas","Marokas","Marokko","Maroko","Marrocos","Maroc","Марокко","Maroko","โมร็อกโก","Марокко"
"153","mz","moz","موزمبيق","莫桑比克","Mosambik","Mosambik","Μοζαμβίκη","Mozambique","Mozambique","Mozambique","Mozambik","Mozambico","モザンビーク","Mozambikas","Mozambikas","Mosambik","Mozambik","Moçambique","Mozambic","Мозамбик","Mozambik","โมซัมบิก","Мозамбік"
"154","mm","mmr","ميانمار","緬甸","Myanmar","Myanmar (Burma)","Μιανμάρ (Βιρμανία)","Myanmar","Myanmar","Birmanie","Mianmar","Birmania","ミャンマー","Mianmaras","Mianmaras","Myanmar","Mjanma","Mianmar","Myanmar","Мьянма","Mjanmarsko","พม่า","М'янма"
"155","na","nam","ناميبيا","纳米比亚","Namibie","Namibia","Ναμίμπια","Namibia","Namibia","Namibie","Namíbia","Namibia","ナミビア","Namibija","Namibija","Namibia","Namibia","Namíbia","Namibia","Намибия","Namíbia","นามิเบีย","Намібія"
"156","nr","nru","ناورو","瑙鲁","Nauru","Nauru","Ναουρού","Nauru","Nauru","Nauru","Nauru","Nauru","ナウル","Nauru","Nauru","Nauru","Nauru","Nauru","Nauru","Науру","Nauru","นาอูรู","Науру"
"157","np","npl","نيبال","尼泊尔","Nepál","Nepal","Νεπάλ","Nepal","Nepal","Népal","Nepál","Nepal","ネパール","Nepalas","Nepalas","Nepal","Nepal","Nepal","Nepal","Непал","Nepál","เนปาล","Непал"
"158","nl","nld","هولندا","荷蘭","Nizozemsko","Niederlande","Ολλανδία (Κάτω Χώρες)","Netherlands","Países Bajos","Pays-Bas","Hollandia","Paesi Bassi","オランダ","Nyderlandai","Nyderlandai","Nederland","Holandia","Países Baixos","Țările de Jos","Нидерланды","Holandsko","เนเธอร์แลนด์","Нідерланди"
"159","nc","ncl","كاليدونيا الجديدة","新喀里多尼亞","Nová Kaledonie","Neukaledonien","Νέα Καληδονία","New Caledonia","Nueva Caledonia","Nouvelle-Calédonie","Új-Kaledónia","Nuova Caledonia","ニューカレドニア","Naujoji Kaledonija","Naujoji Kaledonija","Ny-Caledonia","Nowa Kaledonia","Nova Caledônia","Noua Caledonie","Новая Каледония","Nová Kaledónia","นิวแคลิโดเนีย","Нова Каледонія"
"160","nz","nzl","نيوزيلندا","新西蘭","Nový Zéland","Neuseeland","Νέα Ζηλανδία","New Zealand","Nueva Zelanda","Nouvelle-Zélande","Új-Zéland","Nuova Zelanda","ニュージーランド","Naujoji Zelandija","Naujoji Zelandija","New Zealand","Nowa Zelandia","Nova Zelândia","Noua Zeelandă","Новая Зеландия","Nový Zéland","นิวซีแลนด์","Нова Зеландія"
"161","ni","nic","نيكاراغوا","尼加拉瓜","Nikaragua","Nicaragua","Νικαράγουα","Nicaragua","Nicaragua","Nicaragua","Nicaragua","Nicaragua","ニカラグア","Nikaragva","Nikaragva","Nicaragua","Nikaragua","Nicarágua","Nicaragua","Никарагуа","Nikaragua","นิการากัว","Нікарагуа"
"162","ne","ner","النيجر","尼日尔","Niger","Niger","Νίγηρας","Niger","Níger","Niger","Niger","Niger","ニジェール","Nigeris","Nigeris","Niger","Niger","Níger","Niger","Нигер","Niger","ไนเจอร์","Нігер"
"163","ng","nga","نيجيريا","奈及利亞","Nigérie","Nigeria","Νιγηρία","Nigeria","Nigeria","Nigeria","Nigéria","Nigeria","ナイジェリア","Nigerija","Nigerija","Nigeria","Nigeria","Nigéria","Nigeria","Нигерия","Nigéria","ไนจีเรีย","Нігерія"
"164","nu","niu","نييوي","纽埃","Niue","Niue","Νιούε","Niue","Niue","Niue","Niue","Niue","ニウエ","Niujė","Niujė","Niue","Niue","Niue","Niue","Ниуэ","Niue","นีวเว","Ніуе"
"165","nf","nfk","جزيرة نورفولك","诺福克岛","Norfolk","Norfolkinsel","Νησί Νόρφολκ","Norfolk Island","Norfolk","Île Norfolk","Norfolk-sziget","Isola Norfolk","ノーフォーク島","Norfolko sala","Norfolko sala","Norfolkøya","Norfolk","Ilha Norfolk","Insula Norfolk","Остров Норфолк","Norfolk","เกาะนอร์ฟอล์ก","Острів Норфолк"
"166","mp","mnp","جزر ماريانا الشمالية","北馬里亞納群島","Severní Mariany","Nördliche Marianen","Βόρειες Μαριάνες Νήσοι","Northern Mariana Islands","Islas Marianas del Norte","Îles Mariannes du Nord","Északi-Mariana-szigetek","Isole Marianne Settentrionali","北マリアナ諸島","Marianos Šiaurinės Salos","Marianos Šiaurinės Salos","Nord-Marianene","Mariany Północne","Marianas Setentrionais","Insulele Mariane de Nord","Северные Марианские Острова","Severné Mariány","หมู่เกาะนอร์เทิร์นมาเรียนา","Північні Маріанські Острови"
"167","no","nor","النرويج","挪威","Norsko","Norwegen","Νορβηγία","Norway","Noruega","Norvège","Norvégia","Norvegia","ノルウェー","Norvegija","Norvegija","Norge","Norwegia","Noruega","Norvegia","Норвегия","Nórsko","นอร์เวย์","Норвегія"
"168","om","omn","عمان","阿曼","Omán","Oman","Ομάν","Oman","Omán","Oman","Omán","Oman","オマーン","Omanas","Omanas","Oman","Oman","Omã","Oman","Оман","Omán","โอมาน","Оман"
"169","pk","pak","باكستان","巴基斯坦","Pákistán","Pakistan","Πακιστάν","Pakistan","Pakistán","Pakistan","Pakisztán","Pakistan","パキスタン","Pakistanas","Pakistanas","Pakistan","Pakistan","Paquistão","Pakistan","Пакистан","Pakistan","ปากีสถาน","Пакистан"
"170","pw","plw","بالاو","帛琉","Palau","Palau","Παλάου","Palau","Palaos","Palaos","Palau","Palau","パラオ","Palau","Palau","Palau","Palau","Palau","Palau","Палау","Palau","ปาเลา","Палау"
"171","ps","pse","فلسطين","巴勒斯坦","Palestinská autonomie","Staat Palästina","Δυτική Όχθη","Palestine, State of","Palestina","Palestine","Palesztina","Palestina","パレスチナ","Palestina","Palestina","De palestinske territoriene","Palestyna","Palestina","Teritoriile Palestiniene Ocupate","Государство Палестина","Palestína","ปาเลสไตน์","Палестинська держава"
"172","pa","pan","بنما","巴拿马","Panama","Panama","Παναμάς","Panama","Panamá","Panama","Panama","Panama","パナマ","Panama","Panama","Panama","Panama","Panamá","Panama","Панама","Panama","ปานามา","Панама"
"173","pg","png","بابوا غينيا الجديدة","巴布亚新几内亚","Papua-Nová Guinea","Papua-Neuguinea","Παπούα Νέα Γουινέα","Papua New Guinea","Papúa Nueva Guinea","Papouasie-Nouvelle-Guinée","Pápua Új-Guinea","Papua Nuova Guinea","パプアニューギニア","Papua Naujoji Gvinėja","Papua Naujoji Gvinėja","Papua Ny-Guinea","Papua-Nowa Gwinea","Papua-Nova Guiné","Papua Noua Guinee","Папуа — Новая Гвинея","Papua-Nová Guinea","ปาปัวนิวกินี","Папуа Нова Гвінея"
"174","py","pry","باراغواي","巴拉圭","Paraguay","Paraguay","Παραγουάη","Paraguay","Paraguay","Paraguay","Paraguay","Paraguay","パラグアイ","Paragvajus","Paragvajus","Paraguay","Paragwaj","Paraguai","Paraguay","Парагвай","Paraguaj","ปารากวัย","Парагвай"
"175","pe","per","بيرو","秘魯","Peru","Peru","Περού","Peru","Perú","Pérou","Peru","Perù","ペルー","Peru","Peru","Peru","Peru","Peru","Peru","Перу","Peru","เปรู","Перу"
"176","ph","phl","الفلبين","菲律賓","Filipíny","Philippinen","Φιλιππίνες","Philippines","Filipinas","Philippines","Fülöp-szigetek","Filippine","フィリピン","Filipinai","Filipinai","Filippinene","Filipiny","Filipinas","Filipine","Филиппины","Filipíny","ฟิลิปปินส์","Філіппіни"
"177","pn","pcn","جزر بيتكيرن","皮特凯恩群岛","Pitcairnovy ostrovy","Pitcairninseln","Νησιά Πίτκερν","Pitcairn","Islas Pitcairn","Îles Pitcairn","Pitcairn-szigetek","Isole Pitcairn","ピトケアン","Pitkernas","Pitkernas","Pitcairnøyene","Pitcairn","Pitcairn","Pitcairn","Острова Питкэрн","Pitcairnove ostrovy","หมู่เกาะพิตแคร์น","Піткерн"
"178","pl","pol","بولندا","波蘭","Polsko","Polen","Πολωνία","Poland","Polonia","Pologne","Lengyelország","Polonia","ポーランド","Lenkija","Lenkija","Polen","Polska","Polónia","Polonia","Польша","Poľsko","โปแลนด์","Польща"
"179","pt","prt","البرتغال","葡萄牙","Portugalsko","Portugal","Πορτογαλία","Portugal","Portugal","Portugal","Portugália","Portogallo","ポルトガル","Portugalija","Portugalija","Portugal","Portugalia","Portugal","Portugalia","Португалия","Portugalsko","โปรตุเกส","Португалія"
"180","pr","pri","بورتوريكو","波多黎各","Portoriko","Puerto Rico","Πουέρτο Ρίκο","Puerto Rico","Puerto Rico","Porto Rico","Puerto Rico","Porto Rico","プエルトリコ","Puerto Rikas","Puerto Rikas","Puerto Rico","Portoryko","Porto Rico","Puerto Rico","Пуэрто-Рико","Portoriko","ปวยร์โตรีโก","Пуерто-Рико"
"181","qa","qat","قطر","卡塔尔","Katar","Katar","Κατάρ","Qatar","Catar","Qatar","Katar","Qatar","カタール","Kataras","Kataras","Qatar","Katar","Catar","Qatar","Катар","Katar","กาตาร์","Катар"
"182","re","reu","لا ريونيون","留尼汪","Réunion","Réunion","Ρεϊνιόν","Réunion","Reunión","La Réunion","Réunion","Riunione","レユニオン","Reunjonas","Reunjonas","Réunion","Reunion","Reunião","Réunion","Реюньон","Réunion","เรอูว์นียง","Реюньйон"
"183","ro","rou","رومانيا","羅馬尼亞","Rumunsko","Rumänien","Ρουμανία","Romania","Rumania","Roumanie","Románia","Romania","ルーマニア","Rumunija","Rumunija","Romania","Rumunia","Roménia","România","Румыния","Rumunsko","โรมาเนีย","Румунія"
"184","ru","rus","روسيا","俄羅斯","Rusko","Russische Föderation","Ρωσία","Russian Federation","Rusia","Russie","Oroszország","Russia","ロシア連邦","Rusija","Rusija","Russland","Rosja","Rússia","Rusia","Россия","Rusko","รัสเซีย","Росія"
"185","rw","rwa","رواندا","卢旺达","Rwanda","Ruanda","Ρουάντα","Rwanda","Ruanda","Rwanda","Ruanda","Ruanda","ルワンダ","Ruanda","Ruanda","Rwanda","Rwanda","Ruanda","Rwanda","Руанда","Rwanda","รวันดา","Руанда"
"186","bl","blm","سان بارتيلمي","圣巴泰勒米","Svatý Bartoloměj","Saint-Barthélemy","Άγιος Βαρθολομαίος","Saint Barthélemy","San Bartolomé","Saint-Barthélemy","Saint-Barthélemy","Saint-Barthélemy","サン・バルテルミー","Šv. Bartolomėjaus sala","Šv. Bartolomėjaus sala","Saint-Barthélemy","Saint-Barthélemy","São Bartolomeu","Saint Barthélemy","Сен-Бартелеми","Svätý Bartolomej","แซงบาร์เตเลมี","Сен-Бартельмі"
"187","sh","shn","سانت هيلانة وأسينشين وتريستان دا كونا","圣赫勒拿、阿森松和特里斯坦-达库尼亚","Svatá Helena, Ascension a Tristan da Cunha","St. Helena","Νήσος Αγίας Ελένης","Saint Helena, Ascension and Tristan da Cunha","Santa Elena, Ascensión y Tristán de Acuña","Sainte-Hélène, Ascension et Tristan da Cunha","Szent Ilona","Sant'Elena, Ascensione e Tristan da Cunha","セントヘレナ・アセンションおよびトリスタンダクーニャ","Šv. Elenos, Dangun Žengimo, Tristanas da Kunja salos","Šv. Elenos, Dangun Žengimo, Tristanas da Kunja salos","St. Helena, Ascension og Tristan da Cunha","Wyspa Świętej Heleny, Wyspa Wniebowstąpienia i Tristan da Cu","Santa Helena, Ascensão e Tristão da Cunha","Sfânta Elena","Острова Святой Елены, Вознесения и Тристан-да-Кунья","Svätá Helena","เซนต์เฮเลนา","Острови Святої Єлени, Вознесіння і Тристан-да-Кунья"
"188","kn","kna","سانت كيتس ونيفيس","圣基茨和尼维斯","Svatý Kryštof a Nevis","St. Kitts und Nevis","Άγιος Χριστόφορος και Νέβις","Saint Kitts and Nevis","San Cristóbal y Nieves","Saint-Christophe-et-Niévès","Saint Kitts és Nevis","Saint Kitts e Nevis","セントクリストファー・ネイビス","Sent Kitsas ir Nevis","Sent Kitsas ir Nevis","Saint Kitts og Nevis","Saint Kitts i Nevis","São Cristóvão e Nevis","Sfântul Kitts și Nevis","Сент-Китс и Невис","Svätý Krištof a Nevis","เซนต์คิตส์และเนวิส","Сент-Кіттс і Невіс"
"189","lc","lca","سانت لوسيا","圣卢西亚","Svatá Lucie","St. Lucia","Αγία Λουκία","Saint Lucia","Santa Lucía","Sainte-Lucie","Saint Lucia","Saint Lucia","セントルシア","Sent Lusija","Sent Lusija","Saint Lucia","Saint Lucia","Santa Lúcia","Sfânta Lucia","Сент-Люсия","Svätá Lucia","เซนต์ลูเชีย","Сент-Люсія"
"190","mf","maf","تجمع سان مارتين","法属圣马丁","Svatý Martin (francouzská část)","Saint-Martin (franz. Teil)","Άγιος Μαρτίνος (Γαλλία)","Saint Martin (French part)","San Martín","Saint-Martin","Saint-Martin","Saint-Martin","サン・マルタン（フランス領）","San Martenas","San Martenas","Saint-Martin","Saint-Martin","São Martinho","Sint Maarten (partea franceză)","Сен-Мартен","Saint-Martin","แซงมาร์แตง","Сен-Мартен"
"191","pm","spm","سان بيير وميكلون","圣皮埃尔和密克隆","Saint-Pierre a Miquelon","Saint-Pierre und Miquelon","Σαιν Πιερ και Μικελόν","Saint Pierre and Miquelon","San Pedro y Miquelón","Saint-Pierre-et-Miquelon","Saint-Pierre és Miquelon","Saint-Pierre e Miquelon","サンピエール島・ミクロン島","Sen Pjeras ir Mikelonas","Sen Pjeras ir Mikelonas","Saint-Pierre og Miquelon","Saint-Pierre i Miquelon","Saint-Pierre e Miquelon","Sfântul Pierre și Miquelon","Сен-Пьер и Микелон","Saint Pierre a Miquelon","แซงปีแยร์และมีเกอลง","Сен-П'єр і Мікелон"
"192","vc","vct","سانت فينسنت والغرينادين","聖文森及格瑞那丁","Svatý Vincenc a Grenadiny","St. Vincent und die Grenadinen","Άγιος Βικέντιος και Γρεναδίνες","Saint Vincent and the Grenadines","San Vicente y las Granadinas","Saint-Vincent-et-les-Grenadines","Saint Vincent és a Grenadine-szigetek","Saint Vincent e Grenadine","セントビンセントおよびグレナディーン諸島","Sent Vinsentas ir Grenadinai","Sent Vinsentas ir Grenadinai","Saint Vincent og Grenadinene","Saint Vincent i Grenadyny","São Vicente e Granadinas","Sfântul Vincent și Grenadine","Сент-Винсент и Гренадины","Svätý Vincent a Grenadíny","เซนต์วินเซนต์และเกรนาดีนส์","Сент-Вінсент і Гренадини"
"193","ws","wsm","ساموا","萨摩亚","Samoa","Samoa","Σαμόα","Samoa","Samoa","Samoa","Szamoa","Samoa","サモア","Samoa","Samoa","Samoa","Samoa","Samoa","Samoa","Самоа","Samoa","ซามัว","Самоа"
"194","sm","smr","سان مارينو","圣马力诺","San Marino","San Marino","Άγιος Μαρίνος","San Marino","San Marino","Saint-Marin","San Marino","San Marino","サンマリノ","San Marinas","San Marinas","San Marino","San Marino","San Marino","San Marino","Сан-Марино","San Maríno","ซานมารีโน","Сан-Марино"
"195","st","stp","ساو تومي وبرينسيب","聖多美和普林西比","Svatý Tomáš a Princův ostrov","São Tomé und Príncipe","Σάο Τομέ και Πρίνσιπε","Sao Tome and Principe","Santo Tomé y Príncipe","Sao Tomé-et-Principe","São Tomé és Príncipe","São Tomé e Príncipe","サントメ・プリンシペ","San Tomė ir Prinsipė","San Tomė ir Prinsipė","São Tomé og Príncipe","Wyspy Świętego Tomasza i Książęca","São Tomé e Príncipe","Sao Tome și Principe","Сан-Томе и Принсипи","Svätý Tomáš a Princov ostrov","เซาตูเมและปรินซีปี","Сан-Томе і Принсіпі"
"196","sa","sau","السعودية","沙烏地阿拉伯","Saúdská Arábie","Saudi-Arabien","Σαουδική Αραβία","Saudi Arabia","Arabia Saudita","Arabie saoudite","Szaúd-Arábia","Arabia Saudita","サウジアラビア","Saudo Arabija","Saudo Arabija","Saudi-Arabia","Arabia Saudyjska","Arábia Saudita","Arabia Saudită","Саудовская Аравия","Saudská Arábia","ซาอุดีอาระเบีย","Саудівська Аравія"
"197","sn","sen","السنغال","塞内加尔","Senegal","Senegal","Σενεγάλη","Senegal","Senegal","Sénégal","Szenegál","Senegal","セネガル","Senegalas","Senegalas","Senegal","Senegal","Senegal","Senegal","Сенегал","Senegal","เซเนกัล","Сенегал"
"198","rs","srb","صربيا","塞爾維亞","Srbsko","Serbien","Σερβία","Serbia","Serbia","Serbie","Szerbia","Serbia","セルビア","Serbija","Serbija","Serbia","Serbia","Sérvia","Serbia","Сербия","Srbsko","เซอร์เบีย","Сербія"
"199","sc","syc","سيشل","塞舌尔","Seychely","Seychellen","Σεϋχέλλες","Seychelles","Seychelles","Seychelles","Seychelle-szigetek","Seychelles","セーシェル","Seišeliai","Seišeliai","Seychellene","Seszele","Seicheles","Seychelles","Сейшельские Острова","Seychely","เซเชลส์","Сейшельські Острови"
"200","sl","sle","سيراليون","塞拉利昂","Sierra Leone","Sierra Leone","Σιέρα Λεόνε","Sierra Leone","Sierra Leona","Sierra Leone","Sierra Leone","Sierra Leone","シエラレオネ","Siera Leonė","Siera Leonė","Sierra Leone","Sierra Leone","Serra Leoa","Sierra Leone","Сьерра-Леоне","Sierra Leone","เซียร์ราลีโอน","Сьєрра-Леоне"
"201","sg","sgp","سنغافورة","新加坡","Singapur","Singapur","Σιγκαπούρη","Singapore","Singapur","Singapour","Szingapúr","Singapore","シンガポール","Singapūras","Singapūras","Singapore","Singapur","Singapura","Singapore","Сингапур","Singapur","สิงคโปร์","Сінгапур"
"202","sx","sxm","سينت مارتن","聖馬丁","Svatý Martin (nizozemská část)","Sint Maarten (niederl. Teil)","Άγιος Μαρτίνος (Ολλανδία)","Sint Maarten (Dutch part)","Sint Maarten","Saint-Martin","Sint Maarten","Sint Maarten","シント・マールテン（オランダ領）","Sint Martenas","Sint Martenas","Sint Maarten","Sint Maarten","Sint Maarten","Sint Maarten (partea olandeză)","Синт-Мартен","Sint Maarten","แม่แบบ:Country data Sint Maarten (Dutch part)","Сінт-Мартен"
"203","sk","svk","سلوفاكيا","斯洛伐克","Slovensko","Slowakei","Σλοβακία","Slovakia","Eslovaquia","Slovaquie","Szlovákia","Slovacchia","スロバキア","Slovakija","Slovakija","Slovakia","Słowacja","Eslováquia","Slovacia","Словакия","Slovensko","สโลวาเกีย","Словаччина"
"204","si","svn","سلوفينيا","斯洛維尼亞","Slovinsko","Slowenien","Σλοβενία","Slovenia","Eslovenia","Slovénie","Szlovénia","Slovenia","スロベニア","Slovėnija","Slovėnija","Slovenia","Słowenia","Eslovênia","Slovenia","Словения","Slovinsko","สโลวีเนีย","Словенія"
"205","sb","slb","جزر سليمان","所罗门群岛","Šalamounovy ostrovy","Salomonen","Νήσοι Σολομώντα","Solomon Islands","Islas Salomón","Salomon","Salamon-szigetek","Isole Salomone","ソロモン諸島","Saliamono Salos","Saliamono Salos","Salomonøyene","Wyspy Salomona","Ilhas Salomão","Insulele Solomon","Соломоновы Острова","Šalamúnove ostrovy","หมู่เกาะโซโลมอน","Соломонові Острови"
"206","so","som","الصومال","索馬利亞","Somálsko","Somalia","Σομαλία","Somalia","Somalia","Somalie","Szomália","Somalia","ソマリア","Somalis","Somalis","Somalia","Somalia","Somália","Somalia","Сомали","Somálsko","โซมาเลีย","Сомалі"
"207","za","zaf","جنوب أفريقيا","南非","Jihoafrická republika","Südafrika","Νότια Αφρική","South Africa","Sudáfrica","Afrique du Sud","Dél-afrikai Köztársaság","Sudafrica","南アフリカ","PAR","PAR","Sør-Afrika","Południowa Afryka","África do Sul","Africa de Sud","ЮАР","Južná Afrika","แอฟริกาใต้","ПАР"
"208","gs","sgs","جورجيا الجنوبية وجزر ساندويتش الجنوبية","南乔治亚和南桑威奇群岛","Jižní Georgie a Jižní Sandwichovy ostrovy","Südgeorgien und die Südlichen Sandwichinseln","Νήσοι Νότια Γεωργία και Νότιες Σάντουιτς","South Georgia and the South Sandwich Islands","Islas Georgias del Sur y Sandwich del Sur","Géorgie du Sud-et-les îles Sandwich du Sud","Déli-Georgia és Déli-Sandwich-szigetek","Georgia del Sud e Isole Sandwich Australi","サウスジョージア・サウスサンドウィッチ諸島","Pietų Džordžijos ir Pietų Sandvičo Salos","Pietų Džordžijos ir Pietų Sandvičo Salos","Sør-Georgia og Sør-Sandwichøyene","Georgia Południowa i Sandwich Południowy","Ilhas Geórgia do Sul e Sandwich do Sul","Georgia de Sud și Insulele Sandwich de Sud","Южная Георгия и Южные Сандвичевы Острова","Južná Georgia a Južné Sandwichove ostrovy","เกาะเซาท์จอร์เจียและหมู่เกาะเซาท์แซนด์วิช","Південна Джорджія та Південні Сандвічеві острови"
"209","ss","ssd","جنوب السودان","南蘇丹","Jižní Súdán","Südsudan","Νότιο Σουδάν","South Sudan","Sudán del Sur","Soudan du Sud","Dél-Szudán","Sudan del Sud","南スーダン","Pietų Sudanas","Pietų Sudanas","Sør-Sudan","Sudan Południowy","Sudão do Sul","Sudanul de Sud","Южный Судан","Južný Sudán","เกาะเซาท์จอร์เจียและหมู่เกาะเซาท์แซนด์วิช","Південний Судан"
"210","es","esp","إسبانيا","西班牙","Španělsko","Spanien","Ισπανία","Spain","España","Espagne","Spanyolország","Spagna","スペイン","Ispanija","Ispanija","Spania","Hiszpania","Espanha","Spania","Испания","Španielsko","สเปน","Іспанія"
"211","lk","lka","سريلانكا","斯里蘭卡","Srí Lanka","Sri Lanka","Σρι Λάνκα","Sri Lanka","Sri Lanka","Sri Lanka","Srí Lanka","Sri Lanka","スリランカ","Šri Lanka","Šri Lanka","Sri Lanka","Sri Lanka","Sri Lanka","Sri Lanka","Шри-Ланка","Srí Lanka","ศรีลังกา","Шрі-Ланка"
"212","sd","sdn","السودان","苏丹","Súdán","Sudan","Σουδάν","Sudan","Sudán","Soudan","Szudán","Sudan","スーダン","Sudanas","Sudanas","Sudan","Sudan","Sudão","Sudan","Судан","Sudán","ซูดาน","Судан"
"213","sr","sur","سورينام","苏里南","Surinam","Suriname","Σουρινάμ","Suriname","Surinam","Suriname","Suriname","Suriname","スリナム","Surinamas","Surinamas","Surinam","Surinam","Suriname","Surinam","Суринам","Surinam","ซูรินาม","Суринам"
"214","sj","sjm","سفالبارد ويان ماين","斯瓦尔巴和扬马延","Špicberky a Jan Mayen","Svalbard und Jan Mayen","Σβάλμπαρντ","Svalbard and Jan Mayen","Svalbard y Jan Mayen","Svalbard et ile Jan Mayen","Spitzbergák és Jan Mayen-sziget","Svalbard e Jan Mayen","スヴァールバル諸島およびヤンマイエン島","Svalbardo ir Jan Majeno salos","Svalbardo ir Jan Majeno salos","Svalbard og Jan Mayen","Svalbard i Jan Mayen","Svalbard e Jan Mayen","Svalbard și Jan Mayen","Шпицберген и Ян-Майен","Špicbergy a Jan Mayen","แม่แบบ:Country data Svalbard and Jan Mayen","Свальбард і Ян-Маєн"
"215","se","swe","السويد","瑞典","Švédsko","Schweden","Σουηδία","Sweden","Suecia","Suède","Svédország","Svezia","スウェーデン","Švedija","Švedija","Sverige","Szwecja","Suécia","Suedia","Швеция","Švédsko","สวีเดน","Швеція"
"216","ch","che","سويسرا","瑞士","Švýcarsko","Schweiz (Confoederatio Helvetica)","Ελβετία","Switzerland","Suiza","Suisse","Svájc","Svizzera","スイス","Šveicarija","Šveicarija","Sveits","Szwajcaria","Suíça","Elveția","Швейцария","Švajčiarsko","สวิตเซอร์แลนด์","Швейцарія"
"217","sy","syr","سوريا","叙利亚","Sýrie","Syrien, Arabische Republik","Συρία","Syrian Arab Republic","Siria","Syrie","Szíria","Siria","シリア・アラブ共和国","Sirija","Sirija","Syria","Syria","Síria","Siria","Сирия","Sýria","ซีเรีย","Сирія"
"218","tw","twn","تايوان","中国台湾省","Tchaj-wan","Republik China (Taiwan)","Ταϊβάν","Taiwan, Province of China","Taiwán (República de China)","Taïwan / (République de Chine (Taïwan))","Tajvan","Taiwan","中国台湾省（中華民国）","Taivanas","Taivanas","Taiwan","Tajwan","Taiwan","Taiwan","Китайская Республика","Taiwan","ไต้หวัน","Тайвань"
"219","tj","tjk","طاجيكستان","塔吉克斯坦","Tádžikistán","Tadschikistan","Τατζικιστάν","Tajikistan","Tayikistán","Tadjikistan","Tádzsikisztán","Tagikistan","タジキスタン","Tadžikija","Tadžikija","Tadsjikistan","Tadżykistan","Tajiquistão","Tadjikistan","Таджикистан","Tadžikistan","ทาจิกิสถาน","Таджикистан"
"220","tz","tza","تنزانيا","坦桑尼亚","Tanzanie","Tansania, Vereinigte Republik","Τανζανία","Tanzania, United Republic of","Tanzania","Tanzanie","Tanzánia","Tanzania","タンザニア","Tanzanija","Tanzanija","Tanzania","Tanzania","Tanzânia","Tanzania","Танзания","Tanzánia","แทนซาเนีย","Танзанія"
"221","th","tha","تايلاند","泰國","Thajsko","Thailand","Ταϊλάνδη","Thailand","Tailandia","Thaïlande","Thaiföld","Thailandia","タイ","Tailandas","Tailandas","Thailand","Tajlandia","Tailândia","Thailanda","Таиланд","Thajsko","ไทย","Таїланд"
"222","tl","tls","تيمور الشرقية","东帝汶","Východní Timor","Osttimor (Timor-Leste)","Ανατολικό Τιμόρ","Timor-Leste","Timor Oriental","Timor oriental","Kelet-Timor","Timor Est","東ティモール","Rytų Timoras","Rytų Timoras","Øst-Timor","Timor Wschodni","Timor-Leste","Timorul de Est","Восточный Тимор","Východný Timor","ติมอร์-เลสเต","Східний Тимор"
"223","tg","tgo","توغو","多哥","Togo","Togo","Τόγκο","Togo","Togo","Togo","Togo","Togo","トーゴ","Togas","Togas","Togo","Togo","Togo","Togo","Того","Togo","โตโก","Того"
"224","tk","tkl","توكيلاو","托克勞","Tokelau","Tokelau","Τοκελάου","Tokelau","Tokelau","Tokelau","Tokelau-szigetek","Tokelau","トケラウ","Tokelau","Tokelau","Tokelau","Tokelau","Toquelau","Tokelau","Токелау","Tokelau","โทเคอเลา","Токелау"
"225","to","ton","تونغا","汤加","Tonga","Tonga","Τόγκα","Tonga","Tonga","Tonga","Tonga","Tonga","トンガ","Tonga","Tonga","Tonga","Tonga","Tonga","Tonga","Тонга","Tonga","ตองงา","Тонга"
"226","tt","tto","ترينيداد وتوباغو","千里達及托巴哥","Trinidad a Tobago","Trinidad und Tobago","Τρινιντάντ και Τομπάγκο","Trinidad and Tobago","Trinidad y Tobago","Trinité-et-Tobago","Trinidad és Tobago","Trinidad e Tobago","トリニダード・トバゴ","Trinidadas ir Tobagas","Trinidadas ir Tobagas","Trinidad og Tobago","Trynidad i Tobago","Trinidad e Tobago","Trinidad și Tobago","Тринидад и Тобаго","Trinidad a Tobago","ตรินิแดดและโตเบโก","Тринідад і Тобаго"
"227","tn","tun","تونس","突尼西亞","Tunisko","Tunesien","Τυνησία","Tunisia","Túnez","Tunisie","Tunézia","Tunisia","チュニジア","Tunisas","Tunisas","Tunisia","Tunezja","Tunísia","Tunisia","Тунис","Tunisko","ตูนิเซีย","Туніс"
"228","tr","tur","تركيا","土耳其","Turecko","Türkei","Τουρκία","Turkey","Turquía","Turquie","Törökország","Turchia","トルコ","Turkija","Turkija","Tyrkia","Turcja","Turquia","Turcia","Турция","Turecko","ตุรกี","Туреччина"
"229","tm","tkm","تركمانستان","土库曼斯坦","Turkmenistán","Turkmenistan","Τουρκμενιστάν","Turkmenistan","Turkmenistán","Turkménistan","Türkmenisztán","Turkmenistan","トルクメニスタン","Turkmėnija","Turkmėnija","Turkmenistan","Turkmenistan","Turquemenistão","Turkmenistan","Туркмения","Turkménsko","เติร์กเมนิสถาน","Туркменістан"
"230","tc","tca","جزر توركس وكايكوس","特克斯和凯科斯群岛","Turks a Caicos","Turks- und Caicosinseln","Τερκς και Κέικος","Turks and Caicos Islands","Islas Turcas y Caicos","Îles Turques-et-Caïques","Turks- és Caicos-szigetek","Turks e Caicos","タークス・カイコス諸島","Terksas ir Kaikosas","Terksas ir Kaikosas","Turks- og Caicosøyene","Turks i Caicos","Turks e Caicos","Insulele Turks și Caicos","Тёркс и Кайкос","Turks a Caicos","หมู่เกาะเติกส์และเคคอส","Острови Теркс і Кайкос"
"231","tv","tuv","توفالو","图瓦卢","Tuvalu","Tuvalu","Τουβαλού","Tuvalu","Tuvalu","Tuvalu","Tuvalu","Tuvalu","ツバル","Tuvalu","Tuvalu","Tuvalu","Tuvalu","Tuvalu","Tuvalu","Тувалу","Tuvalu","ตูวาลู","Тувалу"
"232","ug","uga","أوغندا","乌干达","Uganda","Uganda","Ουγκάντα","Uganda","Uganda","Ouganda","Uganda","Uganda","ウガンダ","Uganda","Uganda","Uganda","Uganda","Uganda","Uganda","Уганда","Uganda","ยูกันดา","Уганда"
"233","ua","ukr","أوكرانيا","烏克蘭","Ukrajina","Ukraine","Ουκρανία","Ukraine","Ucrania","Ukraine","Ukrajna","Ucraina","ウクライナ","Ukraina","Ukraina","Ukraina","Ukraina","Ucrânia","Ucraina","Украина","Ukrajina","ยูเครน","Україна"
"234","ae","are","الإمارات العربية المتحدة","阿联酋","Spojené arabské emiráty","Vereinigte Arabische Emirate","Ηνωμένα Αραβικά Εμιράτα","United Arab Emirates","Emiratos Árabes Unidos","Émirats arabes unis","Egyesült Arab Emírségek","Emirati Arabi Uniti","アラブ首長国連邦","Jungtiniai Arabų Emyratai","Jungtiniai Arabų Emyratai","De forente arabiske emirater","Zjednoczone Emiraty Arabskie","Emirados Árabes Unidos","Emiratele Arabe Unite","ОАЭ","Spojené arabské emiráty","สหรัฐอาหรับเอมิเรตส์","ОАЕ"
"235","gb","gbr","المملكة المتحدة","英國","Spojené království","Vereinigtes Königreich Großbritannien und Nordirland","Ηνωμένο Βασίλειο","United Kingdom of Great Britain and Northern Ireland","Reino Unido","Royaume-Uni","Egyesült Királyság","Regno Unito","イギリス","Jungtinė Karalystė","Jungtinė Karalystė","Storbritannia","Wielka Brytania","Reino Unido","Regatul Unit","Великобритания","Spojené kráľovstvo","สหราชอาณาจักร","Велика Британія"
"236","us","usa","الولايات المتحدة","美國","Spojené státy americké","Vereinigte Staaten von Amerika","Ηνωμένες Πολιτείες Αμερικής","United States of America","Estados Unidos","États-Unis","Amerikai Egyesült Államok","Stati Uniti","アメリカ合衆国","Jungtinės Valstijos","Jungtinės Valstijos","USA","Stany Zjednoczone","Estados Unidos","Statele Unite ale Americii","США","Spojené štáty","สหรัฐ","США"
"237","um","umi","جزر الولايات المتحدة الصغيرة النائية","美國本土外小島嶼","Menší odlehlé ostrovy USA","United States Minor Outlying Islands","Απομακρυσμένες Νησίδες των Ηνωμένων Πολιτειών","United States Minor Outlying Islands","Islas ultramarinas de Estados Unidos","Îles mineures éloignées des États-Unis","Amerikai Csendes-óceáni szigetek","Isole minori esterne degli Stati Uniti","合衆国領有小離島","JAV užjūrio mažosios salos","JAV užjūrio mažosios salos","USAs ytre småøyer","Dalekie Wyspy Mniejsze Stanów Zjednoczonych","Ilhas Menores Distantes dos Estados Unidos","United States Minor Outlying Islands","Внешние малые острова (США)","Menšie odľahlé ostrovy USA","เกาะเล็กรอบนอกของสหรัฐอเมริกา","Зовнішні малі острови США"
"238","uy","ury","الأوروغواي","乌拉圭","Uruguay","Uruguay","Ουρουγουάη","Uruguay","Uruguay","Uruguay","Uruguay","Uruguay","ウルグアイ","Urugvajus","Urugvajus","Uruguay","Urugwaj","Uruguai","Uruguay","Уругвай","Uruguaj","อุรุกวัย","Уругвай"
"239","uz","uzb","أوزبكستان","乌兹别克斯坦","Uzbekistán","Usbekistan","Ουζμπεκιστάν","Uzbekistan","Uzbekistán","Ouzbékistan","Üzbegisztán","Uzbekistan","ウズベキスタン","Uzbekistanas","Uzbekistanas","Usbekistan","Uzbekistan","Uzbequistão","Uzbekistan","Узбекистан","Uzbekistan","อุซเบกิสถาน","Узбекистан"
"240","vu","vut","فانواتو","瓦努阿圖","Vanuatu","Vanuatu","Βανουάτου","Vanuatu","Vanuatu","Vanuatu","Vanuatu","Vanuatu","バヌアツ","Vanuatu","Vanuatu","Vanuatu","Vanuatu","Vanuatu","Vanuatu","Вануату","Vanuatu","วานูอาตู","Вануату"
"241","ve","ven","فنزويلا","委內瑞拉","Venezuela","Venezuela","Βενεζουέλα","Venezuela (Bolivarian Republic of)","Venezuela","Venezuela","Venezuela","Venezuela","ベネズエラ・ボリバル共和国","Venesuela","Venesuela","Venezuela","Wenezuela","Venezuela","Venezuela","Венесуэла","Venezuela","เวเนซุเอลา","Венесуела"
"242","vn","vnm","فيتنام","越南","Vietnam","Vietnam","Βιετνάμ","Viet Nam","Vietnam","Viêt Nam","Vietnám","Vietnam","ベトナム","Vietnamas","Vietnamas","Vietnam","Wietnam","Vietnã","Vietnam","Вьетнам","Vietnam","เวียดนาม","В'єтнам"
"243","vg","vgb","جزر العذراء البريطانية","英屬維爾京群島","Britské Panenské ostrovy","Britische Jungferninseln","Βρετανικές Παρθένοι Νήσοι","Virgin Islands (British)","Islas Vírgenes Británicas","Îles Vierges britanniques","Brit Virgin-szigetek","Isole Vergini britanniche","イギリス領ヴァージン諸島","Mergelių Salos (Didžioji Britanija)","Mergelių Salos (Didžioji Britanija)","Jomfruøyene, De britiske","Brytyjskie Wyspy Dziewicze","Ilhas Virgens Britânicas","Insulele Virgine Britanice","Виргинские Острова (Великобритания)","Britské Panenské ostrovy","หมู่เกาะบริติชเวอร์จิน","Британські Віргінські Острови"
"244","vi","vir","جزر العذراء الأمريكية","美屬維爾京群島","Americké Panenské ostrovy","Amerikanische Jungferninseln","Αμερικανικές Παρθένοι Νήσοι","Virgin Islands (U.S.)","Islas Vírgenes de los Estados Unidos","Îles Vierges des États-Unis","Amerikai Virgin-szigetek","Isole Vergini americane","アメリカ領ヴァージン諸島","Mergelių Salos (JAV)","Mergelių Salos (JAV)","Jomfruøyene, De amerikanske","Wyspy Dziewicze Stanów Zjednoczonych","Ilhas Virgens Americanas","Insulele Virgine Americane","Виргинские Острова (США)","Americké Panenské ostrovy","หมู่เกาะเวอร์จินของสหรัฐอเมริกา","Американські Віргінські Острови"
"245","wf","wlf","والس وفوتونا","瓦利斯和富圖納","Wallis a Futuna","Wallis und Futuna","Ουαλίς και Φουτουνά","Wallis and Futuna","Wallis y Futuna","Wallis-et-Futuna","Wallis és Futuna","Wallis e Futuna","ウォリス・フツナ","Volisas ir Futūna","Volisas ir Futūna","Wallis og Futuna","Wallis i Futuna","Wallis e Futuna","Wallis și Futuna","Уоллис и Футуна","Wallis a Futuna","วาลิสและฟูตูนา","Волліс і Футуна"
"246","eh","esh","الصحراء الغربية","西撒哈拉","Západní Sahara","Westsahara","Δυτική Σαχάρα","Western Sahara","República Árabe Saharaui Democrática","République arabe sahraouie démocratique","Nyugat-Szahara","Sahara Occidentale","西サハラ","Vakarų Sahara","Vakarų Sahara","Vest-Sahara","Sahara Zachodnia","Saara Ocidental","Sahara Occidentală","САДР","Západná Sahara","ซาฮาราตะวันตก","Західна Сахара"
"247","ye","yem","اليمن","葉門","Jemen","Jemen","Υεμένη","Yemen","Yemen","Yémen","Jemen","Yemen","イエメン","Jemenas","Jemenas","Jemen","Jemen","Iêmen","Yemen","Йемен","Jemen","เยเมน","Ємен"
"248","zm","zmb","زامبيا","尚比亞","Zambie","Sambia","Ζάμπια","Zambia","Zambia","Zambie","Zambia","Zambia","ザンビア","Zambija","Zambija","Zambia","Zambia","Zâmbia","Zambia","Замбия","Zambia","แซมเบีย","Замбія"
"249","zw","zwe","زيمبابوي","辛巴威","Zimbabwe","Simbabwe","Ζιμπάμπουε","Zimbabwe","Zimbabue","Zimbabwe","Zimbabwe","Zimbabwe","ジンバブエ","Zimbabvė","Zimbabvė","Zimbabwe","Zimbabwe","Zimbabwe","Zimbabwe","Зимбабве","Zimbabwe","ซิมบับเว","Зімбабве"
